Time (s),Total Mass Discharged (kg),Oxidizer Tank Pressure (Pa),Chamber Pressure (Pa),Mass Flow Rate Oxidizer (kg/s),Mass Flow Rate Fuel (kg/s),O/F Ratio,Grain ID (m),Nozzle Mass Flow Rate (),Regression Rate (m/s),Fuel Mass (kg),dP (Pa),Isp (s)
0.0,0.0,0.0,202590.7305654537,2.0185647389850763,0.0,3.624933358133996,0.0,0.0,0.0,0.0,0.0,0.0
0.01,7.705814352610149,5516000.000024038,288990.78511244274,1.999212931986378,0.5568556824515447,3.6056728898867503,0.11423341496117549,0.5087221884041555,0.001670748058775026,1.5396314431754845,-4205.497866621241,230.3794022944341
0.02,7.685822223290286,5511794.502157417,355975.1061913938,1.9824224406319926,0.5544632009170335,3.588881468735693,0.11426667662552994,1.013206397021883,0.0016630832177226813,1.5340868111663142,-4823.646376034245,230.06563303726278
0.03,7.665997998883966,5506970.855781383,404440.6174414812,1.969183962508021,0.5523789118982436,3.5755764887305106,0.11429980360990087,1.4428928621947852,0.0016563492185466008,1.5285630220473316,-4886.761563808657,229.77606800906955
0.04,7.646306159258885,5502084.094217574,0.0,0.0,0.5507318802197319,0.0,0.11433282224692054,1.775671859634133,0.001650931850983279,1.5230557032451344,-4871.48991237022,229.53997168892752
